Nombre,Usuario Instagram,Link Instagram,Usuario TikTok,Link TikTok,Usuario Twitter,Link Twitter,Usuario YouTube,Link YouTube,Seguidores,Engagement Rate,Especialidad,Mejor Canal Contacto,Categoría,Link Directo Perfil
Web Dev Pro,@webdevpro,https://www.instagram.com/webdevpro/,,,Web Dev Pro,https://twitter.com/webdevpro,,"",~49K,~6%,Desarrollo web profesional,Instagram DM,Web Dev,https://www.instagram.com/webdevpro/
Next.js Dev,@nextjsdev,https://www.instagram.com/nextjsdev/,,,,"",,Next.js Dev,https://www.youtube.com/@nextjsdev,~45K,~6%,Next.js development,Instagram DM,Web Dev,https://www.instagram.com/nextjsdev/
Nuxt.js Dev,@nuxtjsdev,https://www.instagram.com/nuxtjsdev/,@nuxtjsdev,https://www.tiktok.com/@nuxtjsdev,,,,"",~41K,~6%,Nuxt.js,Instagram DM,Web Dev,https://www.instagram.com/nuxtjsdev/
Svelte Dev,@sveltedev,https://www.instagram.com/sveltedev/,,,,"",,,"",~43K,~6%,Svelte development,Instagram DM,Web Dev,https://www.instagram.com/sveltedev/
Webpack Config,@webpackconfig,https://www.instagram.com/webpackconfig/,,,Webpack Config,https://twitter.com/webpackconfig,,"",~37K,~6%,Webpack configuration,Instagram DM,Web Dev,https://www.instagram.com/webpackconfig/
Vite Dev,@vitedev,https://www.instagram.com/vitedev/,,,,"",,Vite Dev,https://www.youtube.com/@vitedev,~46K,~6%,Vite build tool,Instagram DM,Web Dev,https://www.instagram.com/vitedev/
PWA Development,@pwadevelopment,https://www.instagram.com/pwadevelopment/,@pwadevelopment,https://www.tiktok.com/@pwadevelopment,,,,"",~40K,~6%,Progressive Web Apps,Instagram DM,Web Dev,https://www.instagram.com/pwadevelopment/
SPA Development,@spadevelopment,https://www.instagram.com/spadevelopment/,,,SPA Development,https://twitter.com/spadevelopment,,"",~44K,~6%,Single Page Applications,Instagram DM,Web Dev,https://www.instagram.com/spadevelopment/
SSR Tech,@ssrtech,https://www.instagram.com/ssrtech/,,,,"",,,"",~38K,~6%,Server-Side Rendering,Instagram DM,Web Dev,https://www.instagram.com/ssrtech/
SSG Tech,@ssgtech,https://www.instagram.com/ssgtech/,,,,"",,SSG Tech,https://www.youtube.com/@ssgtech,~47K,~6%,Static Site Generation,Instagram DM,Web Dev,https://www.instagram.com/ssgtech/
Web Components,@webcomponents,https://www.instagram.com/webcomponents/,@webcomponents,https://www.tiktok.com/@webcomponents,,,,"",~42K,~6%,Web Components,Instagram DM,Web Dev,https://www.instagram.com/webcomponents/
Web Standards,@webstandards,https://www.instagram.com/webstandards/,,,Web Standards,https://twitter.com/webstandards,,"",~39K,~6%,Estándares web,Instagram DM,Web Dev,https://www.instagram.com/webstandards/
Web Performance,@webperformance,https://www.instagram.com/webperformance/,,,,"",,,"",~45K,~6%,Performance web,Instagram DM,Web Dev,https://www.instagram.com/webperformance/
Web Accessibility,@webaccessibility,https://www.instagram.com/webaccessibility/,,,,"",,Web Accessibility,https://www.youtube.com/@webaccessibility,~41K,~6%,Accesibilidad web,Instagram DM,Web Dev,https://www.instagram.com/webaccessibility/
SEO Tech,@seotech,https://www.instagram.com/seotech/,@seotech,https://www.tiktok.com/@seotech,,,,"",~43K,~6%,SEO técnico,Instagram DM,Web Dev,https://www.instagram.com/seotech/
Web Security,@websecurity,https://www.instagram.com/websecurity/,,,Web Security,https://twitter.com/websecurity,,"",~38K,~6%,Seguridad web,Instagram DM,Web Dev,https://www.instagram.com/websecurity/
Browser APIs,@browserapis,https://www.instagram.com/browserapis/,,,,"",,,"",~46K,~6%,Browser APIs,Instagram DM,Web Dev,https://www.instagram.com/browserapis/
Web APIs,@webapis,https://www.instagram.com/webapis/,,,,"",,Web APIs,https://www.youtube.com/@webapis,~40K,~6%,Web APIs,Instagram DM,Web Dev,https://www.instagram.com/webapis/
Web Optimization,@weboptimization,https://www.instagram.com/weboptimization/,@weboptimization,https://www.tiktok.com/@weboptimization,,,,"",~44K,~6%,Optimización web,Instagram DM,Web Dev,https://www.instagram.com/weboptimization/
Modern Web,@modernweb,https://www.instagram.com/modernweb/,,,Modern Web,https://twitter.com/modernweb,,"",~42K,~6%,Desarrollo web moderno,Instagram DM,Web Dev,https://www.instagram.com/modernweb/
Go Developer,@godeveloper,https://www.instagram.com/godeveloper/,,,Go Developer,https://twitter.com/godeveloper,,"",~48K,~6%,Go programming,Instagram DM,Languages,https://www.instagram.com/godeveloper/
Rust Developer,@rustdeveloper,https://www.instagram.com/rustdeveloper/,,,,"",,Rust Developer,https://www.youtube.com/@rustdeveloper,~44K,~6%,Rust programming,Instagram DM,Languages,https://www.instagram.com/rustdeveloper/
Java Dev,@javadev,https://www.instagram.com/javadev/,@javadev,https://www.tiktok.com/@javadev,,,,"",~46K,~6%,Java development,Instagram DM,Languages,https://www.instagram.com/javadev/
C# Developer,@csharpdeveloper,https://www.instagram.com/csharpdeveloper/,,,,"",,,"",~42K,~6%,C# development,Instagram DM,Languages,https://www.instagram.com/csharpdeveloper/
PHP Developer,@phpdeveloper,https://www.instagram.com/phpdeveloper/,,,PHP Developer,https://twitter.com/phpdeveloper,,"",~40K,~6%,PHP development,Instagram DM,Languages,https://www.instagram.com/phpdeveloper/
Ruby Developer,@rubydeveloper,https://www.instagram.com/rubydeveloper/,,,,"",,Ruby Developer,https://www.youtube.com/@rubydeveloper,~45K,~6%,Ruby development,Instagram DM,Languages,https://www.instagram.com/rubydeveloper/
Swift Dev,@swiftdev,https://www.instagram.com/swiftdev/,@swiftdev,https://www.tiktok.com/@swiftdev,,,,"",~43K,~6%,Swift programming,Instagram DM,Languages,https://www.instagram.com/swiftdev/
Kotlin Dev,@kotlindev,https://www.instagram.com/kotlindev/,,,Kotlin Dev,https://twitter.com/kotlindev,,"",~41K,~6%,Kotlin development,Instagram DM,Languages,https://www.instagram.com/kotlindev/
Dart Developer,@dartdeveloper,https://www.instagram.com/dartdeveloper/,,,,"",,,"",~39K,~6%,Dart programming,Instagram DM,Languages,https://www.instagram.com/dartdeveloper/
Scala Developer,@scaladeveloper,https://www.instagram.com/scaladeveloper/,,,,"",,Scala Developer,https://www.youtube.com/@scaladeveloper,~47K,~6%,Scala programming,Instagram DM,Languages,https://www.instagram.com/scaladeveloper/
Elixir Dev,@elixirdev,https://www.instagram.com/elixirdev/,@elixirdev,https://www.tiktok.com/@elixirdev,,,,"",~38K,~6%,Elixir programming,Instagram DM,Languages,https://www.instagram.com/elixirdev/
Haskell Dev,@haskelldev,https://www.instagram.com/haskelldev/,,,Haskell Dev,https://twitter.com/haskelldev,,"",~46K,~6%,Haskell programming,Instagram DM,Languages,https://www.instagram.com/haskelldev/
Clojure Dev,@clojuredev,https://www.instagram.com/clojuredev/,,,,"",,,"",~44K,~6%,Clojure programming,Instagram DM,Languages,https://www.instagram.com/clojuredev/
F# Developer,@fsharpdeveloper,https://www.instagram.com/fsharpdeveloper/,,,,"",,F# Developer,https://www.youtube.com/@fsharpdeveloper,~40K,~6%,F# programming,Instagram DM,Languages,https://www.instagram.com/fsharpdeveloper/
Lua Developer,@luadeveloper,https://www.instagram.com/luadeveloper/,@luadeveloper,https://www.tiktok.com/@luadeveloper,,,,"",~42K,~6%,Lua programming,Instagram DM,Languages,https://www.instagram.com/luadeveloper/
Perl Developer,@perldeveloper,https://www.instagram.com/perldeveloper/,,,Perl Developer,https://twitter.com/perldeveloper,,"",~38K,~6%,Perl programming,Instagram DM,Languages,https://www.instagram.com/perldeveloper/
C++ Developer,@cppdeveloper,https://www.instagram.com/cppdeveloper/,,,,"",,,"",~45K,~6%,C++ development,Instagram DM,Languages,https://www.instagram.com/cppdeveloper/
C Developer,@cdeveloper,https://www.instagram.com/cdeveloper/,,,,"",,C Developer,https://www.youtube.com/@cdeveloper,~41K,~6%,C programming,Instagram DM,Languages,https://www.instagram.com/cdeveloper/
Assembly Dev,@assemblydev,https://www.instagram.com/assemblydev/,@assemblydev,https://www.tiktok.com/@assemblydev,,,,"",~43K,~6%,Assembly programming,Instagram DM,Languages,https://www.instagram.com/assemblydev/
Functional Programming,@functionalprogramming,https://www.instagram.com/functionalprogramming/,,,Functional Programming,https://twitter.com/functionalprogramming,,"",~39K,~6%,Programación funcional,Instagram DM,Languages,https://www.instagram.com/functionalprogramming/
TensorFlow Dev,@tensorflowdev,https://www.instagram.com/tensorflowdev/,,,TensorFlow Dev,https://twitter.com/tensorflowdev,,"",~46K,~6%,TensorFlow,Instagram DM,AI ML,https://www.instagram.com/tensorflowdev/
PyTorch Dev,@pytorchdev,https://www.instagram.com/pytorchdev/,,,,"",,PyTorch Dev,https://www.youtube.com/@pytorchdev,~44K,~6%,PyTorch,Instagram DM,AI ML,https://www.instagram.com/pytorchdev/
Keras Dev,@kerasdev,https://www.instagram.com/kerasdev/,@kerasdev,https://www.tiktok.com/@kerasdev,,,,"",~42K,~6%,Keras,Instagram DM,AI ML,https://www.instagram.com/kerasdev/
Scikit Learn,@scikitlearn,https://www.instagram.com/scikitlearn/,,,,"",,,"",~40K,~6%,Scikit-learn,Instagram DM,AI ML,https://www.instagram.com/scikitlearn/
OpenCV Tech,@opencvtech,https://www.instagram.com/opencvtech/,,,OpenCV Tech,https://twitter.com/opencvtech,,"",~48K,~6%,OpenCV,Instagram DM,AI ML,https://www.instagram.com/opencvtech/
NLP Tech,@nlptech,https://www.instagram.com/nlptech/,,,,"",,NLP Tech,https://www.youtube.com/@nlptech,~45K,~6%,Natural Language Processing,Instagram DM,AI ML,https://www.instagram.com/nlptech/
Computer Vision,@computervision,https://www.instagram.com/computervision/,@computervision,https://www.tiktok.com/@computervision,,,,"",~43K,~6%,Computer Vision,Instagram DM,AI ML,https://www.instagram.com/computervision/
Reinforcement Learning,@reinforcementlearning,https://www.instagram.com/reinforcementlearning/,,,Reinforcement Learning,https://twitter.com/reinforcementlearning,,"",~41K,~6%,Reinforcement Learning,Instagram DM,AI ML,https://www.instagram.com/reinforcementlearning/
Transfer Learning,@transferlearning,https://www.instagram.com/transferlearning/,,,,"",,,"",~39K,~6%,Transfer Learning,Instagram DM,AI ML,https://www.instagram.com/transferlearning/
Model Training,@modeltraining,https://www.instagram.com/modeltraining/,,,,"",,Model Training,https://www.youtube.com/@modeltraining,~47K,~6%,Entrenamiento de modelos,Instagram DM,AI ML,https://www.instagram.com/modeltraining/
Model Deployment,@modeldeployment,https://www.instagram.com/modeldeployment/,@modeldeployment,https://www.tiktok.com/@modeldeployment,,,,"",~38K,~6%,Deployment de modelos,Instagram DM,AI ML,https://www.instagram.com/modeldeployment/
MLOps Tech,@mlopstech,https://www.instagram.com/mlopstech/,,,MLOps Tech,https://twitter.com/mlopstech,,"",~46K,~6%,MLOps,Instagram DM,AI ML,https://www.instagram.com/mlopstech/
Feature Engineering,@featureengineering,https://www.instagram.com/featureengineering/,,,,"",,,"",~44K,~6%,Feature engineering,Instagram DM,AI ML,https://www.instagram.com/featureengineering/
Model Evaluation,@modelevaluation,https://www.instagram.com/modelevaluation/,,,,"",,Model Evaluation,https://www.youtube.com/@modelevaluation,~42K,~6%,Evaluación de modelos,Instagram DM,AI ML,https://www.instagram.com/modelevaluation/
Hyperparameter Tuning,@hyperparametertuning,https://www.instagram.com/hyperparametertuning/,@hyperparametertuning,https://www.tiktok.com/@hyperparametertuning,,,,"",~40K,~6%,Hyperparameter tuning,Instagram DM,AI ML,https://www.instagram.com/hyperparametertuning/
Neural Architecture,@neuralarchitecture,https://www.instagram.com/neuralarchitecture/,,,Neural Architecture,https://twitter.com/neuralarchitecture,,"",~48K,~6%,Arquitectura neuronal,Instagram DM,AI ML,https://www.instagram.com/neuralarchitecture/
AI Model Serving,@aimodelserving,https://www.instagram.com/aimodelserving/,,,,"",,,"",~45K,~6%,Model serving,Instagram DM,AI ML,https://www.instagram.com/aimodelserving/
Model Monitoring,@modelmonitoring,https://www.instagram.com/modelmonitoring/,,,,"",,Model Monitoring,https://www.youtube.com/@modelmonitoring,~43K,~6%,Monitoreo de modelos,Instagram DM,AI ML,https://www.instagram.com/modelmonitoring/
AI Pipeline,@aipipeline,https://www.instagram.com/aipipeline/,@aipipeline,https://www.tiktok.com/@aipipeline,,,,"",~41K,~6%,Pipelines de IA,Instagram DM,AI ML,https://www.instagram.com/aipipeline/
AI Infrastructure,@aiinfrastructure,https://www.instagram.com/aiinfrastructure/,,,AI Infrastructure,https://twitter.com/aiinfrastructure,,"",~39K,~6%,Infraestructura de IA,Instagram DM,AI ML,https://www.instagram.com/aiinfrastructure/
RESTful API,@restfulapi,https://www.instagram.com/restfulapi/,,,RESTful API,https://twitter.com/restfulapi,,"",~47K,~6%,RESTful APIs,Instagram DM,APIs,https://www.instagram.com/restfulapi/
API Design,@apidesign,https://www.instagram.com/apidesign/,,,,"",,API Design,https://www.youtube.com/@apidesign,~46K,~6%,Diseño de APIs,Instagram DM,APIs,https://www.instagram.com/apidesign/
API Documentation,@apidocumentation,https://www.instagram.com/apidocumentation/,@apidocumentation,https://www.tiktok.com/@apidocumentation,,,,"",~44K,~6%,Documentación de APIs,Instagram DM,APIs,https://www.instagram.com/apidocumentation/
API Versioning,@apiversioning,https://www.instagram.com/apiversioning/,,,,"",,,"",~42K,~6%,Versionado de APIs,Instagram DM,APIs,https://www.instagram.com/apiversioning/
API Rate Limiting,@apiratelimiting,https://www.instagram.com/apiratelimiting/,,,API Rate Limiting,https://twitter.com/apiratelimiting,,"",~40K,~6%,Rate limiting en APIs,Instagram DM,APIs,https://www.instagram.com/apiratelimiting/
API Authentication,@apiauthentication,https://www.instagram.com/apiauthentication/,,,,"",,API Authentication,https://www.youtube.com/@apiauthentication,~48K,~6%,Autenticación de APIs,Instagram DM,APIs,https://www.instagram.com/apiauthentication/
OAuth Implementation,@oauthimplementation,https://www.instagram.com/oauthimplementation/,@oauthimplementation,https://www.tiktok.com/@oauthimplementation,,,,"",~45K,~6%,Implementación OAuth,Instagram DM,APIs,https://www.instagram.com/oauthimplementation/
JWT Tokens,@jwttokens,https://www.instagram.com/jwttokens/,,,JWT Tokens,https://twitter.com/jwttokens,,"",~43K,~6%,JWT tokens,Instagram DM,APIs,https://www.instagram.com/jwttokens/
API Gateway,@apigateway,https://www.instagram.com/apigateway/,,,,"",,,"",~41K,~6%,API Gateways,Instagram DM,APIs,https://www.instagram.com/apigateway/
Microservices API,@microservicesapi,https://www.instagram.com/microservicesapi/,,,,"",,Microservices API,https://www.youtube.com/@microservicesapi,~39K,~6%,APIs de microservicios,Instagram DM,APIs,https://www.instagram.com/microservicesapi/
API Testing,@apitesting,https://www.instagram.com/apitesting/,@apitesting,https://www.tiktok.com/@apitesting,,,,"",~47K,~6%,Testing de APIs,Instagram DM,APIs,https://www.instagram.com/apitesting/
Postman Tech,@postmantech,https://www.instagram.com/postmantech/,,,Postman Tech,https://twitter.com/postmantech,,"",~46K,~6%,Postman,Instagram DM,APIs,https://www.instagram.com/postmantech/
Swagger API,@swaggerapi,https://www.instagram.com/swaggerapi/,,,,"",,,"",~44K,~6%,Swagger/OpenAPI,Instagram DM,APIs,https://www.instagram.com/swaggerapi/
API Mocking,@apimocking,https://www.instagram.com/apimocking/,,,,"",,API Mocking,https://www.youtube.com/@apimocking,~42K,~6%,API mocking,Instagram DM,APIs,https://www.instagram.com/apimocking/
API Performance,@apiperformance,https://www.instagram.com/apiperformance/,@apiperformance,https://www.tiktok.com/@apiperformance,,,,"",~40K,~6%,Performance de APIs,Instagram DM,APIs,https://www.instagram.com/apiperformance/
API Caching,@apicaching,https://www.instagram.com/apicaching/,,,API Caching,https://twitter.com/apicaching,,"",~48K,~6%,Caching de APIs,Instagram DM,APIs,https://www.instagram.com/apicaching/
Webhook Development,@webhookdevelopment,https://www.instagram.com/webhookdevelopment/,,,,"",,,"",~45K,~6%,Desarrollo de webhooks,Instagram DM,APIs,https://www.instagram.com/webhookdevelopment/
API Integration,@apiintegration,https://www.instagram.com/apiintegration/,,,,"",,API Integration,https://www.youtube.com/@apiintegration,~43K,~6%,Integración de APIs,Instagram DM,APIs,https://www.instagram.com/apiintegration/
Third Party APIs,@thirdpartyapis,https://www.instagram.com/thirdpartyapis/,@thirdpartyapis,https://www.tiktok.com/@thirdpartyapis,,,,"",~41K,~6%,APIs de terceros,Instagram DM,APIs,https://www.instagram.com/thirdpartyapis/
API Management,@apimanagement,https://www.instagram.com/apimanagement/,,,API Management,https://twitter.com/apimanagement,,"",~39K,~6%,Gestión de APIs,Instagram DM,APIs,https://www.instagram.com/apimanagement/
Git Workflow,@gitworkflow,https://www.instagram.com/gitworkflow/,,,Git Workflow,https://twitter.com/gitworkflow,,"",~47K,~6%,Workflows de Git,Instagram DM,Dev Tools,https://www.instagram.com/gitworkflow/
GitHub Actions,@githubactions,https://www.instagram.com/githubactions/,,,,"",,GitHub Actions,https://www.youtube.com/@githubactions,~46K,~6%,GitHub Actions,Instagram DM,Dev Tools,https://www.instagram.com/githubactions/
GitLab CI/CD,@gitlabcicd,https://www.instagram.com/gitlabcicd/,@gitlabcicd,https://www.tiktok.com/@gitlabcicd,,,,"",~44K,~6%,GitLab CI/CD,Instagram DM,Dev Tools,https://www.instagram.com/gitlabcicd/
Version Control,@versioncontrol,https://www.instagram.com/versioncontrol/,,,,"",,,"",~42K,~6%,Control de versiones,Instagram DM,Dev Tools,https://www.instagram.com/versioncontrol/
Code Review,@codereview,https://www.instagram.com/codereview/,,,Code Review,https://twitter.com/codereview,,"",~40K,~6%,Code reviews,Instagram DM,Dev Tools,https://www.instagram.com/codereview/
Package Management,@packagemanagement,https://www.instagram.com/packagemanagement/,,,,"",,Package Management,https://www.youtube.com/@packagemanagement,~48K,~6%,Gestión de paquetes,Instagram DM,Dev Tools,https://www.instagram.com/packagemanagement/
Dependency Management,@dependencymanagement,https://www.instagram.com/dependencymanagement/,@dependencymanagement,https://www.tiktok.com/@dependencymanagement,,,,"",~45K,~6%,Gestión de dependencias,Instagram DM,Dev Tools,https://www.instagram.com/dependencymanagement/
Build Tools,@buildtools,https://www.instagram.com/buildtools/,,,Build Tools,https://twitter.com/buildtools,,"",~43K,~6%,Herramientas de build,Instagram DM,Dev Tools,https://www.instagram.com/buildtools/
Task Runners,@taskrunners,https://www.instagram.com/taskrunners/,,,,"",,,"",~41K,~6%,Task runners,Instagram DM,Dev Tools,https://www.instagram.com/taskrunners/
Code Linting,@codelinting,https://www.instagram.com/codelinting/,,,,"",,Code Linting,https://www.youtube.com/@codelinting,~39K,~6%,Linting de código,Instagram DM,Dev Tools,https://www.instagram.com/codelinting/
Code Formatting,@codeformatting,https://www.instagram.com/codeformatting/,@codeformatting,https://www.tiktok.com/@codeformatting,,,,"",~47K,~6%,Formateo de código,Instagram DM,Dev Tools,https://www.instagram.com/codeformatting/
IDE Tools,@idetools,https://www.instagram.com/idetools/,,,IDE Tools,https://twitter.com/idetools,,"",~46K,~6%,Herramientas de IDE,Instagram DM,Dev Tools,https://www.instagram.com/idetools/
VS Code Tips,@vscodetips,https://www.instagram.com/vscodetips/,,,,"",,,"",~44K,~6%,Tips de VS Code,Instagram DM,Dev Tools,https://www.instagram.com/vscodetips/
Terminal Tools,@terminaltools,https://www.instagram.com/terminaltools/,,,,"",,Terminal Tools,https://www.youtube.com/@terminaltools,~42K,~6%,Herramientas de terminal,Instagram DM,Dev Tools,https://www.instagram.com/terminaltools/
Shell Scripting,@shellscripting,https://www.instagram.com/shellscripting/,@shellscripting,https://www.tiktok.com/@shellscripting,,,,"",~40K,~6%,Shell scripting,Instagram DM,Dev Tools,https://www.instagram.com/shellscripting/
Command Line,@commandline,https://www.instagram.com/commandline/,,,Command Line,https://twitter.com/commandline,,"",~48K,~6%,Command line tools,Instagram DM,Dev Tools,https://www.instagram.com/commandline/
Dev Environment,@devenvironment,https://www.instagram.com/devenvironment/,,,,"",,,"",~45K,~6%,Entornos de desarrollo,Instagram DM,Dev Tools,https://www.instagram.com/devenvironment/
Development Tools,@developmenttools,https://www.instagram.com/developmenttools/,,,,"",,Development Tools,https://www.youtube.com/@developmenttools,~43K,~6%,Herramientas de desarrollo,Instagram DM,Dev Tools,https://www.instagram.com/developmenttools/
Productivity Tools,@productivitytools,https://www.instagram.com/productivitytools/,@productivitytools,https://www.tiktok.com/@productivitytools,,,,"",~41K,~6%,Herramientas de productividad,Instagram DM,Dev Tools,https://www.instagram.com/productivitytools/
Tech Stack,@techstack,https://www.instagram.com/techstack/,,,Tech Stack,https://twitter.com/techstack,,"",~39K,~6%,Tech stacks,Instagram DM,Dev Tools,https://www.instagram.com/techstack/


